meta,answer
"PRELIMINARY, Short title and commencement","1.This Act may be cited as the Personal Data Protection Act 2012 and shall come into operation on such date as the Minister may, by notification in the Gazette, appoint."
"PRELIMINARY, Interpretation","2.—(1)In this Act, unless the context otherwise requires—[Deleted by Act 22 of 2016 wef 01/10/2016]“advisory committee” means an advisory committee appointed under section7;“Appeal Committee” means a Data Protection Appeal Committee nominated under section33(4);“Appeal Panel” means the Data Protection Appeal Panel established under section33(1);“appointed day” means the date of commencement of PartsIII to VI;“authorised officer”, in relation to the exercise of any power or performance of any function or duty under any provision of this Act, means a person to whom the exercise of that power or performance of that function or duty under that provision has been delegated under section 38 of the Info-communications Media Development Authority Act 2016;[Act 22 of 2016 wef 01/10/2016]“Authority” means the Info-communications Media Development Authority established by section3 of the Info-communications Media Development Authority Act 2016;[Act 22 of 2016 wef 01/10/2016]“benefit plan” means an insurance policy, a pension plan, an annuity, a provident fund plan or other similar plan;“business” includes the activity of any organisation, whether or not carried on for purposes of gain, or conducted on a regular, repetitive or continuous basis, but does not include an individual acting in his personal or domestic capacity;“business contact information” means an individual’s name, position name or title, business telephone number, business address, business electronic mail address or business fax number and any other similar information about the individual, not provided by the individual solely for his personal purposes;[Deleted by Act 22 of 2016 wef 01/10/2016]“Chief Executive”, in relation to the Authority, means the Chief Executive of the Authority appointed under section 40(2) of the Info-communications Media Development Authority Act 2016, and includes any individual acting in that capacity;[Act 22 of 2016 wef 01/10/2016]“Commission” means the person designated as the Personal Data Protection Commission under section 5 to be responsible for the administration of this Act;[Act 22 of 2016 wef 01/10/2016]“Commissioner” means the Commissioner for Personal Data Protection appointed under section 8(1)(a), and includes any Deputy Commissioner for Personal Data Protection or Assistant Commissioner for Personal Data Protection appointed under section 8(1)(b);[Act 22 of 2016 wef 01/10/2016]“credit bureau” means an organisation which—(a)provides credit reports for gain or profit; or(b)provides credit reports on a routine, non-profit basis as an ancillary part of a business carried on for gain or profit;“credit report” means a communication, whether in written, oral or other form, provided to an organisation to assess the creditworthiness of an individual in relation to a transaction between the organisation and the individual;“data intermediary” means an organisation which processes personal data on behalf of another organisation but does not include an employee of that other organisation;“document” includes information recorded in any form;“domestic” means related to home or family;“education institution” means any organisation that provides education, including instruction, training or teaching, whether by itself or in association or collaboration with or by affiliation with any other person;“employee” includes a volunteer;“employment” includes working under an unpaid volunteer work relationship;“evaluative purpose” means—(a)for the purpose of determining the suitability, eligibility or qualifications of the individual to whom the data relates—(i)for employment or for appointment to office;(ii)for promotion in employment or office or for continuance in employment or office;(iii)for removal from employment or office;(iv)for admission to an education institution;(v)for the awarding of contracts, awards, bursaries, scholarships, honours or other similar benefits;(vi)for selection for an athletic or artistic purpose; or(vii)for grant of financial or social assistance, or the delivery of appropriate health services, under any scheme administered by a public agency;(b)for the purpose of determining whether any contract, award, bursary, scholarship, honour or other similar benefit should be continued, modified or cancelled;(c)for the purpose of deciding whether to insure any individual or property or to continue or renew the insurance of any individual or property; or(d)for such other similar purposes as may be prescribed by the Minister;“individual” means a natural person, whether living or deceased;“inspector” means an individual appointed as an inspector under section 8(1)(b);[Act 22 of 2016 wef 01/10/2016]“investigation” means an investigation relating to—(a)a breach of an agreement;(b)a contravention of any written law, or any rule of professional conduct or other requirement imposed by any regulatory authority in exercise of its powers under any written law; or(c)a circumstance or conduct that may result in a remedy or relief being available under any law;“national interest” includes national defence, national security, public security, the maintenance of essential services and the conduct of international affairs;“organisation” includes any individual, company, association or body of persons, corporate or unincorporated, whether or not—(a)formed or recognised under the law of Singapore; or(b)resident, or having an office or a place of business, in Singapore;“personal data” means data, whether true or not, about an individual who can be identified—(a)from that data; or(b)from that data and other information to which the organisation has or is likely to have access;“prescribed healthcare body” means a healthcare body, prescribed for the purposes of the Fourth Schedule by the Minister charged with the responsibility for health;“prescribed law enforcement agency” means an authority charged with the duty of investigating offences or charging offenders under written law, prescribed for the purposes of section21(4) and the Fourth Schedule by the Minister charged with the responsibility for that authority;“private trust” means a trust for the benefit of one or more designated individuals who are friends, or members of the family, of the settlor;“proceedings” means any civil, criminal or administrative proceedings by or before a court, tribunal or regulatory authority that is related to the allegation of—(a)a breach of an agreement;(b)a contravention of any written law or any rule of professional conduct or other requirement imposed by any regulatory authority in exercise of its powers under any written law; or(c)a wrong or a breach of a duty for which a remedy is claimed under any law;“processing”, in relation to personal data, means the carrying out of any operation or set of operations in relation to the personal data, and includes any of the following:(a)recording;(b)holding;(c)organisation, adaptation or alteration;(d)retrieval;(e)combination;(f)transmission;(g)erasure or destruction;“public agency” includes—(a)the Government, including any ministry, department, agency, or organ of State;(b)any tribunal appointed under any written law; or(c)any statutory body specified under subsection(2);“publicly available”, in relation to personal data about an individual, means personal data that is generally available to the public, and includes personal data which can be observed by reasonably expected means at a location or an event—(a)at which the individual appears; and(b)that is open to the public;“relevant body” means the Commission,  the Appeal Panel or any Appeal Committee;[Act 22 of 2016 wef 01/10/2016]“tribunal” includes a judicial or quasi-judicial body or a disciplinary, an arbitral or a mediatory body.(2)The Minister may, by notification in the Gazette, specify any statutory body established under a public Act for a public function to be a public agency for the purposes of this Act."
"PRELIMINARY, Purpose","3.The purpose of this Act is to govern the collection, use and disclosure of personal data by organisations in a manner that recognises both the right of individuals to protect their personal data and the need of organisations to collect, use or disclose personal data for purposes that a reasonable person would consider appropriate in the circumstances."
"PRELIMINARY, Application of Act","4.—(1)PartsIII to VI shall not impose any obligation on—(a)any individual acting in a personal or domestic capacity;(b)any employee acting in the course of his employment with an organisation;(c)any public agency or an organisation in the course of acting on behalf of a public agency in relation to the collection, use or disclosure of the personal data; or(d)any other organisations or personal data, or classes of organisations or personal data, prescribed for the purposes of this provision.(2)Parts III to VI (except for section24 (protection of personal data) and section25 (retention of personal data)) shall not impose any obligation on a data intermediary in respect of its processing of personal data on behalf of and for the purposes of another organisation pursuant to a contract which is evidenced or made in writing.(3)An organisation shall have the same obligation under this Act in respect of personal data processed on its behalf and for its purposes by a data intermediary as if the personal data were processed by the organisation itself.(4)This Act shall not apply in respect of—(a)personal data about an individual that is contained in a record that has been in existence for at least 100years; or(b)personal data about a deceased individual, except that the provisions relating to the disclosure of personal data and section24 (protection of personal data) shall apply in respect of personal data about an individual who has been dead for 10years or fewer.(5)Except where business contact information is expressly referred to, Parts III to VI shall not apply to business contact information.(6)Unless otherwise expressly provided in this Act—(a)nothing in Parts III to VI shall affect any authority, right, privilege or immunity conferred, or obligation or limitation imposed, by or under the law, including legal privilege, except that the performance of a contractual obligation shall not be an excuse for contravening this Act; and(b)the provisions of other written law shall prevail to the extent that any provision of Parts III to VI is inconsistent with the provisions of that other written law."
"PERSONAL DATA PROTECTION COMMISSION AND ADMINISTRATION, Personal Data Protection Commission",5.—(1)The Info‑communications Media Development Authority is designated as the Personal Data Protection Commission.(2)The Personal Data Protection Commission is responsible for the administration of this Act.[Act 22 of 2016 wef 01/10/2016]
"PERSONAL DATA PROTECTION COMMISSION AND ADMINISTRATION, Functions of Commission","6.The functions of the Commission shall be—(a)to promote awareness of data protection in Singapore;(b)to provide consultancy, advisory, technical, managerial or other specialist services relating to data protection;(c)to advise the Government on all matters relating to data protection;(d)to represent the Government internationally on matters relating to data protection;(e)to conduct research and studies and promote educational activities relating to data protection, including organising and conducting seminars, workshops and symposia relating thereto, and supporting other organisations conducting such activities;(f)to manage technical co-operation and exchange in the area of data protection with other organisations, including foreign data protection authorities and international or inter‑governmental organisations, on its own behalf or on behalf of the Government;(g)to administer and enforce this Act;(h)to carry out functions conferred on the Commission under any other written law; and(i)to engage in such other activities and perform such functions as the Minister may permit or assign to the Commission by order published in the Gazette."
"PERSONAL DATA PROTECTION COMMISSION AND ADMINISTRATION, Advisory committees",7.—(1)The Minister may appoint one or more advisory committees to provide advice to the Commission with regard to the performance of any of its functions under this Act.(2)The Commission may consult such advisory committees in relation to the performance of its functions and duties and the exercise of its powers under this Act but shall not be bound by such consultation.
"PERSONAL DATA PROTECTION COMMISSION AND ADMINISTRATION, Delegation","8.—(1)The Commission may appoint, by name or office, from among public officers and the employees of the Authority —(a)the Commissioner for Personal Data Protection; and(b)such number of Deputy Commissioners for Personal Data Protection, Assistant Commissioners for Personal Data Protection and inspectors, as the Commission considers necessary.[Act 22 of 2016 wef 01/10/2016](2)Where any function, duty or power of the Commission under this Act is delegated to the Commissioner under section 38 of the Info-communications Media Development Authority Act 2016 —(a)the Commissioner must perform that function or duty, or exercise that power, in his name;(b)the Commission must not perform that function or duty, or exercise that power, during the period when the delegation is in force; and(c)the Commission must, as soon as practicable after the delegation, publish a notice of the delegation in the Gazette.[Act 22 of 2016 wef 01/10/2016](3)In exercising any of the powers of enforcement under this Act, an authorised officer shall on demand produce to the person against whom he is acting the authority issued to him by the Commission.(4)[Deleted by Act 22 of 2016 wef 01/10/2016]"
"PERSONAL DATA PROTECTION COMMISSION AND ADMINISTRATION, Conduct of proceedings","9.—(1)An individual appointed under section 8(1) or an employee of the Authority, who is authorised in writing by the Chief Executive of the Authority for the purpose of this section, may conduct, with the authorisation of the Public Prosecutor, proceedings in respect of an offence under this Act.(2)A legal counsel of the Commission who is an advocate and solicitor may —(a)appear in any civil proceedings involving the performance of any function or duty, or the exercise of any power, of the Commission under any written law; and(b)make all applications and do all acts in respect of the civil proceedings on behalf of the Commission or an authorised officer.[Act 22 of 2016 wef 01/10/2016]"
"PERSONAL DATA PROTECTION COMMISSION AND ADMINISTRATION, Co-operation agreements","10.—(1)For the purposes of section 59, a co-operation agreement is an agreement for the purposes of—(a)facilitating co-operation between the Commission and another regulatory authority in the performance of their respective functions in so far as those functions relate to data protection; and(b)avoiding duplication of activities by the Commission and another regulatory authority, being activities involving the enforcement of data protection laws.[Act 22 of 2016 wef 01/10/2016](2)A co-operation agreement may include provisions—(a)to enable the Commission and the other regulatory authority to furnish to each other information in their respective possession if the information is required by the other for the purpose of performance by it of any of its functions;(b)to provide such other assistance to each other as will facilitate the performance by the other of any of its functions; and(c)to enable the Commission and the other regulatory authority to forbear to perform any of their respective functions in relation to a matter in circumstances where it is satisfied that the other is performing functions in relation to that matter.(3)The Commission shall not furnish any information to a foreign data protection body pursuant to a co-operation agreement unless it requires of, and obtains from, that body an undertaking in writing by it that it will comply with terms specified in that requirement, including terms that correspond to the provisions of any written law concerning the disclosure of that information by the Commission.(4)The Commission may give an undertaking to a foreign data protection body that it will comply with terms specified in a requirement made of the Commission by the foreign data protection body to give such an undertaking where—(a)those terms correspond to the provisions of any law in force in the country or territory in which the foreign data protection body is established, being provisions which concern the disclosure by the foreign data protection body of the information referred to in paragraph(b); and(b)compliance with the requirement is a condition imposed by the foreign data protection body for furnishing information in its possession to the Commission pursuant to a co‑operation agreement.(5)In this section—“foreign data protection body” means a body in whom there are vested functions under the law of another country or territory with respect to the enforcement or the administration of provisions of law of that country or territory concerning data protection;“regulatory authority” includes the Commission and any foreign data protection body."
"GENERAL RULES WITH RESPECT TO PROTECTION OF PERSONAL DATA, Compliance with Act","11.—(1)In meeting its responsibilities under this Act, an organisation shall consider what a reasonable person would consider appropriate in the circumstances.(2)An organisation is responsible for personal data in its possession or under its control.(3)An organisation shall designate one or more individuals to be responsible for ensuring that the organisation complies with this Act.(4)An individual designated under subsection(3) may delegate to another individual the responsibility conferred by that designation.(5)An organisation shall make available to the public the business contact information of at least one of the individuals designated under subsection(3) or delegated under subsection(4).(6)The designation of an individual by an organisation under subsection(3) shall not relieve the organisation of any of its obligations under this Act."
"GENERAL RULES WITH RESPECT TO PROTECTION OF PERSONAL DATA, Policies and practices",12.An organisation shall—(a)develop and implement policies and practices that are necessary for the organisation to meet the obligations of the organisation under this Act;(b)develop a process to receive and respond to complaints that may arise with respect to the application of this Act;(c)communicate to its staff information about the organisation’s policies and practices referred to in paragraph(a); and(d)make information available on request about—(i)the policies and practices referred to in paragraph(a); and(ii)the complaint process referred to in paragraph(b).
"COLLECTION, USE AND DISCLOSURE OF PERSONAL DATA, Consent required","13.An organisation shall not, on or after the appointed day, collect, use or disclose personal data about an individual unless—(a)the individual gives, or is deemed to have given, his consent under this Act to the collection, use or disclosure, as the case may be; or(b)the collection, use or disclosure, as the case may be, without the consent of the individual is required or authorised under this Act or any other written law."
"COLLECTION, USE AND DISCLOSURE OF PERSONAL DATA, Provision of consent","14.—(1)An individual has not given consent under this Act for the collection, use or disclosure of personal data about the individual by an organisation for a purpose unless—(a)the individual has been provided with the information required under section20; and(b)the individual provided his consent for that purpose in accordance with this Act.(2)An organisation shall not—(a)as a condition of providing a product or service, require an individual to consent to the collection, use or disclosure of personal data about the individual beyond what is reasonable to provide the product or service to that individual; or(b)obtain or attempt to obtain consent for collecting, using or disclosing personal data by providing false or misleading information with respect to the collection, use or disclosure of the personal data, or using deceptive or misleading practices.(3)Any consent given in any of the circumstances in subsection(2) is not validly given for the purposes of this Act.(4)In this Act, references to consent given, or deemed to have been given, by an individual for the collection, use or disclosure of personal data about the individual shall include consent given, or deemed to have been given, by any person validly acting on behalf of that individual for the collection, use or disclosure of such personal data."
"COLLECTION, USE AND DISCLOSURE OF PERSONAL DATA, Deemed consent","15.—(1)An individual is deemed to consent to the collection, use or disclosure of personal data about the individual by an organisation for a purpose if—(a)the individual, without actually giving consent referred to in section14, voluntarily provides the personal data to the organisation for that purpose; and(b)it is reasonable that the individual would voluntarily provide the data.(2)If an individual gives, or is deemed to have given, consent to the disclosure of personal data about the individual by one organisation to another organisation for a particular purpose, the individual is deemed to consent to the collection, use or disclosure of the personal data for that particular purpose by that other organisation."
"COLLECTION, USE AND DISCLOSURE OF PERSONAL DATA, Withdrawal of consent","16.—(1)On giving reasonable notice to the organisation, an individual may at any time withdraw any consent given, or deemed to have been given under this Act, in respect of the collection, use or disclosure by that organisation of personal data about the individual for any purpose.(2)On receipt of the notice referred to in subsection(1), the organisation concerned shall inform the individual of the likely consequences of withdrawing his consent.(3)An organisation shall not prohibit an individual from withdrawing his consent to the collection, use or disclosure of personal data about the individual, but this section shall not affect any legal consequences arising from such withdrawal.(4)Subject to section25, if an individual withdraws consent to the collection, use or disclosure of personal data about the individual by an organisation for any purpose, the organisation shall cease (and cause its data intermediaries and agents to cease) collecting, using or disclosing the personal data, as the case may be, unless such collection, use or disclosure, as the case may be, without the consent of the individual is required or authorised under this Act or other written law."
"COLLECTION, USE AND DISCLOSURE OF PERSONAL DATA, Collection, use and disclosure without consent","17.—(1)An organisation may collect personal data about an individual, without consent or from a source other than the individual, only in the circumstances and subject to any condition in the Second Schedule.(2)An organisation may use personal data about an individual, without the consent of the individual, only in the circumstances and subject to any condition in the Third Schedule.(3)An organisation may disclose personal data about an individual, without the consent of the individual, only in the circumstances and subject to any condition in the Fourth Schedule."
"COLLECTION, USE AND DISCLOSURE OF PERSONAL DATA, Limitation of purpose and extent","18.An organisation may collect, use or disclose personal data about an individual only for purposes—(a)that a reasonable person would consider appropriate in the circumstances; and(b)that the individual has been informed of under section20, if applicable."
"COLLECTION, USE AND DISCLOSURE OF PERSONAL DATA, Personal data collected before appointed day","19.Notwithstanding the other provisions in this Part, an organisation may use personal data about an individual collected before the appointed day for the purposes for which the personal data was collected unless—(a)consent for such use is withdrawn in accordance with section16; or(b)the individual, whether before, on or after the appointed day, has otherwise indicated to the organisation that he does not consent to the use of the personal data."
"COLLECTION, USE AND DISCLOSURE OF PERSONAL DATA, Notification of purpose","20.—(1)For the purposes of sections14(1)(a) and 18(b), an organisation shall inform the individual of—(a)the purposes for the collection, use or disclosure of the personal data, as the case may be, on or before collecting the personal data;(b)any other purpose of the use or disclosure of the personal data of which the individual has not been informed under paragraph(a), before the use or disclosure of the personal data for that purpose; and(c)on request by the individual, the business contact information of a person who is able to answer on behalf of the organisation the individual’s questions about the collection, use or disclosure of the personal data.(2)An organisation, on or before collecting personal data about an individual from another organisation without the consent of the individual, shall provide the other organisation with sufficient information regarding the purpose of the collection to allow that other organisation to determine whether the disclosure would be in accordance with this Act.(3)Subsection(1) shall not apply if—(a)the individual is deemed to have consented to the collection, use or disclosure, as the case may be, under section15; or(b)the organisation collects, uses or discloses the personal data without the consent of the individual in accordance with section17.(4)Notwithstanding subsection(3), an organisation, on or before collecting, using or disclosing the personal data about an individual for the purpose of managing or terminating an employment relationship between the organisation and that individual, shall inform the individual of—(a)that purpose; and(b)on request by the individual, the business contact information of a person who is able to answer the individual’s questions about that collection, use or disclosure on behalf of the organisation."
"ACCESS TO AND CORRECTION OF PERSONAL DATA, Access to personal data","21.—(1)Subject to subsections(2), (3) and (4), on request of an individual, an organisation shall, as soon as reasonably possible, provide the individual with—(a)personal data about the individual that is in the possession or under the control of the organisation; and(b)information about the ways in which the personal data referred to in paragraph(a) has been or may have been used or disclosed by the organisation within a year before the date of the request.(2)An organisation is not required to provide an individual with the individual’s personal data or other information under subsection(1) in respect of the matters specified in the Fifth Schedule.(3)An organisation shall not provide an individual with the individual’s personal data or other information under subsection(1) if the provision of that personal data or other information, as the case may be, could reasonably be expected to—(a)threaten the safety or physical or mental health of an individual other than the individual who made the request;(b)cause immediate or grave harm to the safety or to the physical or mental health of the individual who made the request;(c)reveal personal data about another individual;(d)reveal the identity of an individual who has provided personal data about another individual and the individual providing the personal data does not consent to the disclosure of his identity; or(e)be contrary to the national interest.(4)An organisation shall not inform any individual under subsection(1) that it has disclosed personal data to a prescribed law enforcement agency if the disclosure was made without the consent of the individual pursuant to paragraph1(f) or (n) of the Fourth Schedule or under any other written law.(5)If an organisation is able to provide the individual with the individual’s personal data and other information requested under subsection(1) without the personal data or other information excluded under subsections(2), (3) and (4), the organisation shall provide the individual with access to the personal data and other information without the personal data or other information excluded under subsections(2), (3) and (4)."
"ACCESS TO AND CORRECTION OF PERSONAL DATA, Correction of personal data","22.—(1)An individual may request an organisation to correct an error or omission in the personal data about the individual that is in the possession or under the control of the organisation.(2)Unless the organisation is satisfied on reasonable grounds that a correction should not be made, the organisation shall—(a)correct the personal data as soon as practicable; and(b)subject to subsection(3), send the corrected personal data to every other organisation to which the personal data was disclosed by the organisation within a year before the date the correction was made, unless that other organisation does not need the corrected personal data for any legal or business purpose.(3)An organisation (not being a credit bureau) may, if the individual consents, send the corrected personal data only to specific organisations to which the personal data was disclosed by the organisation within a year before the date the correction was made.(4)When an organisation is notified under subsection(2)(b) or (3) of a correction of personal data, the organisation shall correct the personal data in its possession or under its control unless the organisation is satisfied on reasonable grounds that the correction should not be made.(5)If no correction is made under subsection(2)(a) or (4), the organisation shall annotate the personal data in its possession or under its control with the correction that was requested but not made.(6)Nothing in this section shall require an organisation to correct or otherwise alter an opinion, including a professional or an expert opinion.(7)An organisation is not required to comply with this section in respect of the matters specified in the Sixth Schedule."
"CARE OF PERSONAL DATA, Accuracy of personal data","23.An organisation shall make a reasonable effort to ensure that personal data collected by or on behalf of the organisation is accurate and complete, if the personal data—(a)is likely to be used by the organisation to make a decision that affects the individual to whom the personal data relates; or(b)is likely to be disclosed by the organisation to another organisation."
"CARE OF PERSONAL DATA, Protection of personal data","24.An organisation shall protect personal data in its possession or under its control by making reasonable security arrangements to prevent unauthorised access, collection, use, disclosure, copying, modification, disposal or similar risks."
"CARE OF PERSONAL DATA, Retention of personal data","25.An organisation shall cease to retain its documents containing personal data, or remove the means by which the personal data can be associated with particular individuals, as soon as it is reasonable to assume that—(a)the purpose for which that personal data was collected is no longer being served by retention of the personal data; and(b)retention is no longer necessary for legal or business purposes."
"CARE OF PERSONAL DATA, Transfer of personal data outside Singapore","26.—(1)An organisation shall not transfer any personal data to a country or territory outside Singapore except in accordance with requirements prescribed under this Act to ensure that organisations provide a standard of protection to personal data so transferred that is comparable to the protection under this Act.(2)The Commission may, on the application of any organisation, by notice in writing exempt the organisation from any requirement prescribed pursuant to subsection(1) in respect of any transfer of personal data by that organisation.(3)An exemption under subsection(2)—(a)may be granted subject to such conditions as the Commission may specify in writing; and(b)need not be published in the Gazette and may be revoked at any time by the Commission.(4)The Commission may at any time add to, vary or revoke any condition imposed under this section."
"ENFORCEMENT OF PARTS III TO VI, Alternative dispute resolution","27.—(1)If the Commission is of the opinion that any complaint by an individual against an organisation may more appropriately be resolved by mediation, the Commission may, with the consent of the complainant and the organisation, refer the matter for mediation.(2)Subject to subsection(1), the Commission may, with or without the consent of the complainant and the organisation, direct a complainant or the organisation or both to attempt to resolve the complaint of the individual in the way directed by the Commission."
"ENFORCEMENT OF PARTS III TO VI, Power to review","28.—(1)On the application of a complainant, the Commission may review—(a)a refusal to provide access to personal data requested by the complainant under section21, or a failure to provide such access within a reasonable time;(b)a fee required from the complainant by an organisation in relation to a request by the complainant under section21 or 22; or(c)a refusal to correct personal data in accordance with a request by the complainant under section22, or a failure to make such correction within a reasonable time.(2)Upon completion of its review under subsection(1), the Commission may—(a)confirm the refusal to provide access to the personal data, or direct the organisation to provide access to the personal data, within such time as the Commission may specify;(b)confirm, reduce or disallow a fee, or direct the organisation to make a refund to the complainant; or(c)confirm the refusal to correct the personal data, or direct the organisation to correct the personal data, in such manner and within such time as the Commission may specify."
"ENFORCEMENT OF PARTS III TO VI, Power to give directions","29.—(1)The Commission may, if it is satisfied that an organisation is not complying with any provision in PartsIII to VI, give the organisation such directions as the Commission thinks fit in the circumstances to ensure compliance with that provision.(2)Without prejudice to the generality of subsection(1), the Commission may, if it thinks fit in the circumstances to ensure compliance with Parts III to VI, give the organisation all or any of the following directions:(a)to stop collecting, using or disclosing personal data in contravention of this Act;(b)to destroy personal data collected in contravention of this Act;(c)to comply with any direction of the Commission under section28(2);(d)to pay a financial penalty of such amount not exceeding $1million as the Commission thinks fit.(3)Subsection(2)(d) shall not apply in relation to any failure to comply with a provision of this Act, the breach of which is an offence under this Act.(4)The Commission shall, in any direction requiring the payment of a financial penalty, specify the date before which the financial penalty is to be paid, being a date not earlier than the end of the period within which an application for reconsideration of the direction, or an appeal against the direction, may be brought under section31 or 34, respectively.(5)The interest payable on the outstanding amount of any financial penalty imposed under subsection(2)(d) and for payment by instalment (as may be directed by the Commission in its discretion) of any financial penalty imposed under subsection(2)(d) shall be at such rate as the Commission may direct, which shall not exceed the rate prescribed in the Rules of Court in respect of judgment debts.(6)Any interest ordered to be paid under subsection(5) shall form part of the penalty payable and be enforced in accordance with section30."
"ENFORCEMENT OF PARTS III TO VI, Enforcement of directions of Commission in District Court","30.—(1)For the purposes of enforcement of any direction made by the Commission under section28(2) or 29, the Commission may apply for the direction to be registered in a District Court in accordance with the Rules of Court and the District Court shall register the direction in accordance with the Rules of Court.(2)From the date of registration of any direction under subsection(1), the direction shall be of the same force and effect, and all proceedings may be taken on the direction, for the purposes of enforcement as if it had been an order originally obtained in the District Court which shall have power to enforce it accordingly.(3)A District Court shall have jurisdiction to enforce any direction in accordance with subsection(2) regardless of the monetary amount involved and may, for the purpose of enforcing such direction, make any order—(a)to secure compliance with the direction; or(b)to require any person to do anything to remedy, mitigate or eliminate any effects arising from—(i)anything done which ought not, under the direction, to have been done; or(ii)anything not done which ought, under the direction, to have been done,which would not have occurred had the direction been complied with."
"ENFORCEMENT OF PARTS III TO VI, Reconsideration of directions or decisions","31.—(1)An organisation or individual aggrieved by—(a)any direction made by the Commission under section27(2) or section29(1) or (2); or(b)any direction or decision made under section28(2),may, within 28 days after the issue of the direction or decision concerned, make a written application to the Commission to reconsider the direction or decision.(2)Unless the Commission decides otherwise in any particular case, an application for reconsideration shall not suspend the effect of the direction or decision to be reconsidered except in the case of an application for reconsideration of a direction to pay a financial penalty or of the amount thereof.(3)The application for reconsideration shall be made in such form and manner as the Commission may require and shall set out the grounds on which the applicant is requesting the reconsideration.(4)If any application for reconsideration is made in accordance with this section, the Commission shall—(a)reconsider the direction or decision;(b)affirm, revoke or vary the direction or decision as the Commission thinks fit; and(c)notify the applicant in writing of the result of the reconsideration.(5)There shall be no application for reconsideration of a decision made under subsection(4)(b)."
"ENFORCEMENT OF PARTS III TO VI, Right of private action","32.—(1)Any person who suffers loss or damage directly as a result of a contravention of any provision in PartIV, V or VI by an organisation shall have a right of action for relief in civil proceedings in a court.(2)If the Commission has made a decision under this Act in respect of a contravention specified in subsection(1), no action accruing under subsection(1) may be brought in respect of that contravention until after the decision has become final as a result of there being no further right of appeal.(3)The court may grant to the plaintiff in an action under subsection(1) all or any of the following:(a)relief by way of injunction or declaration;(b)damages;(c)such other relief as the court thinks fit."
"APPEALS TO DATA PROTECTION APPEAL COMMITTEE, HIGH COURT AND COURT OF APPEAL, Data Protection Appeal Panel and Data Protection Appeal Committees","33.—(1)There shall be established a Data Protection Appeal Panel.(2)The Minister shall appoint the members of the Appeal Panel.(3)The Chairman of the Appeal Panel shall be appointed by the Minister from among the members of the Appeal Panel.(4)For the purpose of hearing any appeal under section34, the Chairman of the Appeal Panel may nominate a Data Protection Appeal Committee comprising 3 or more members of the Appeal Panel.(5)The Seventh Schedule shall have effect with respect to the Appeal Panel, Appeal Committees and their members and the proceedings of Appeal Committees, as the case may be."
"APPEALS TO DATA PROTECTION APPEAL COMMITTEE, HIGH COURT AND COURT OF APPEAL, Appeal from direction or decision of Commission","34.—(1)Any organisation or individual aggrieved by—(a)any direction made by the Commission under section27(2) or section29(1) or (2);(b)any direction or decision made by the Commission under section28(2); or(c)any decision made by the Commission under section31(4)(b),may, within 28 days after the issue of the direction or decision concerned, appeal to the Chairman of the Appeal Panel against that direction or decision.(2)Where any application for reconsideration has been made under section31, every appeal in respect of the same direction or decision which is the subject of the application for reconsideration shall be deemed to be withdrawn.(3)Unless the Appeal Committee decides otherwise in any particular case, the making of an appeal under this section shall not suspend the effect of the direction or decision to which the appeal relates except in the case of an appeal against the imposition of a financial penalty or the amount thereof.(4)An Appeal Committee hearing an appeal may confirm, vary or set aside the direction or decision which is the subject of the appeal, and, in particular, may—(a)remit the matter to the Commission;(b)impose or revoke, or vary the amount of, a financial penalty;(c)give such direction, or take such other step, as the Commission could itself have given or taken; or(d)make any other direction or decision which the Commission could itself have made.(5)Any direction or decision of an Appeal Committee on an appeal has the same effect, and may be enforced in the same manner, as a direction or decision of the Commission, except that there shall be no application for further reconsideration under section31 and no further appeal under this section from any direction or decision of the Appeal Committee.(6)If an Appeal Committee confirms the direction or decision which is the subject of the appeal, it may nevertheless set aside any finding of fact on which the direction or decision was based."
"APPEALS TO DATA PROTECTION APPEAL COMMITTEE, HIGH COURT AND COURT OF APPEAL, Appeals to High Court and Court of Appeal","35.—(1)An appeal against, or with respect to, a direction or decision of an Appeal Committee shall lie to the High Court—(a)on a point of law arising from a direction or decision of the Appeal Committee; or(b)from any direction of the Appeal Committee as to the amount of a financial penalty.(2)An appeal under this section may be made only at the instance of—(a)the organisation aggrieved by the direction or decision of the Appeal Committee;(b)if the decision relates to a complaint, the complainant; or(c)the Commission.(3)The High Court shall hear and determine any such appeal and may—(a)confirm, modify or reverse the direction or decision of the Appeal Committee; and(b)make such further or other order on such appeal, whether as to costs or otherwise, as the Court may think fit.(4)There shall be such further right of appeal from decisions of the High Court under this section as exists in the case of decisions made by that Court in the exercise of its original civil jurisdiction."
"DO NOT CALL REGISTRY, Interpretation of this Part","36.—(1)In this Part, unless the context otherwise requires—“calling line identity” means the telephone number or information identifying the sender;“financial services” has the same meaning as in section2 of the Consumer Protection (Fair Trading) Act (Cap.52A);“goods” means any personal property, whether tangible or intangible, and shall be deemed to include—(a)chattels that are attached or intended to be attached to real property on or after delivery;(b)financial products and credit, including credit extended solely on the security of land;(c)any residential property; or(d)a voucher;“message” means any message, whether in sound, text, visual or other form;“register” means any Do Not Call Register kept and maintained under section39;“send”, in relation to a message, means—(a)to send the message, cause the message to be sent, or authorise the sending of the message; or(b)to make a voice call containing the message, cause a voice call containing the message to be made, or authorise the making of a voice call containing the message;“sender”, in relation to a message, means a person—(a)who sends the message, causes the message to be sent, or authorises the sending of the message; or(b)who makes a voice call containing the message, causes a voice call containing the message to be made, or authorises the making of a voice call containing the message;“services” includes—(a)a service offered or provided that involves the addition to or maintenance, repair or alteration of goods or any residential property;(b)a membership in any club or organisation if the club or organisation is a business formed to make a profit for its owners;(c)the right to use time share accommodation under a time share contract; and(d)financial services;“Singapore telephone number” means—(a)a telephone number, with 8 digits beginning with the digit “3”, “6”, “8” or “9”, that is in accordance with the National Numbering Plan referred to in regulation12A of the Telecommunications (Class Licences) Regulations (Cap.323, Rg3); or(b)any other telephone numbers as may be prescribed;“subscriber”, in relation to a Singapore telephone number, means the subscriber of the telecommunications service to which the Singapore telephone number is allocated;“time share accommodation” means any living accommodation, in Singapore or elsewhere, used or intended to be used (wholly or partly) for leisure purposes by a class of persons all of whom have rights to use, or participate in arrangements under which they may use, that accommodation or accommodation within a pool of accommodation to which that accommodation belongs;“time share contract” means a contract which confers or purports to confer on an individual time share rights that are exercisable during a period of not less than 3years;“voice call” includes—(a)a call that involves a recorded or synthetic voice; or(b)in the case of a recipient with a disability (for example, a hearing impairment), a call that is equivalent to a voice call,whether or not the recipient responds by way of pressing buttons on a telephone handset or similar telecommunications device.(2)For the purposes of this Part, a telecommunications service provider who merely provides a service that enables a specified message to be sent shall, unless the contrary is proved, be presumed not to have sent the message and not to have authorised the message to be sent.(3)For the purposes of this Part, if a specified message is sent and at the relevant time the telecommunications device, service or network from which it was sent was controlled by a person without the knowledge of the owners or authorised users of the telecommunications device, service or network, the owners or authorised users shall, unless the contrary is proved, be presumed not to have sent the message and not to have authorised the sending of the message.(4)In subsection(3), “control” means either physical control or control through the use of software or other means."
"DO NOT CALL REGISTRY, Meaning of “specified message”","37.—(1)Subject to subsection(5), for the purposes of this Part, a specified message is a message, where, having regard to—(a)the content of the message;(b)the presentational aspects of the message;(c)the content that can be obtained using the numbers, URLs or contact information (if any) mentioned in the message; and(d)if the telephone number from which the message is made is disclosed to the recipient (whether by calling line identity or otherwise), the content (if any) that can be obtained by calling that number,it would be concluded that the purpose, or one of the purposes, of the message is—(i)to offer to supply goods or services;(ii)to advertise or promote goods or services;(iii)to advertise or promote a supplier, or prospective supplier, of goods or services;(iv)to offer to supply land or an interest in land;(v)to advertise or promote land or an interest in land;(vi)to advertise or promote a supplier, or prospective supplier, of land or an interest in land;(vii)to offer to provide a business opportunity or an investment opportunity;(viii)to advertise or promote a business opportunity or an investment opportunity;(ix)to advertise or promote a provider, or prospective provider, of a business opportunity or an investment opportunity; or(x)any other prescribed purpose related to obtaining or providing information.(2)For the purposes of subsection(1)(i) to (x), it is immaterial whether—(a)the goods, services, land, interest or opportunity exist; or(b)it is lawful to acquire the goods, services, land or interest or take up the opportunity.(3)Subject to subsection(4), a person who authorises another person to offer, advertise or promote the first person’s goods, services, land, interest or opportunity shall be deemed to have authorised the sending of any message sent by the second person that offers, advertises or promotes that first person’s goods, services, land, interest or opportunity.(4)For the purposes of subsection(3), a person who takes reasonable steps to stop the sending of any message referred to in that subsection shall be deemed not to have authorised the sending of the message.(5)For the purposes of this Part, a specified message shall not include any message referred to in the Eighth Schedule."
"DO NOT CALL REGISTRY, Application of this Part",38.This Part shall apply to a specified message addressed to a Singapore telephone number where—(a)the sender of the specified message is present in Singapore when the specified message is sent; or(b)the recipient of the specified message is present in Singapore when the specified message is accessed.
"DO NOT CALL REGISTRY, Register","39.—(1)The Commission shall cause to be kept and maintained one or more registers of Singapore telephone numbers, each known as a Do Not Call Register, for the purposes of this Part.(2)Each register shall be kept in such form and shall contain such particulars as the Commission thinks fit.(3)The Commission may authorise another person to maintain any register, on its behalf, subject to such conditions or restrictions as the Commission may think fit."
"DO NOT CALL REGISTRY, Applications","40.—(1)A subscriber may apply to the Commission, in the form and manner prescribed—(a)to add his Singapore telephone number to a register; or(b)to remove his Singapore telephone number from a register.(2)Any person may apply to the Commission, in the form and manner required by the Commission, to confirm whether any Singapore telephone number is listed in a register."
"DO NOT CALL REGISTRY, Evidence",41.A certificate purporting to be signed by the Chief Executive of the Authority or an authorised officer and stating that a Singapore telephone number was or was not listed in a register at a date specified in the certificate shall be admissible as evidence of its contents in any proceedings.[Act 22 of 2016 wef 01/10/2016]
"DO NOT CALL REGISTRY, Information on terminated Singapore telephone number","42.—(1)Every telecommunications service provider shall report to the Commission, in the form and manner prescribed, all terminated Singapore telephone numbers.(2)A telecommunications service provider which contravenes subsection(1) shall be guilty of an offence and shall be liable on conviction to a fine not exceeding $10,000.(3)In this section, “terminated Singapore telephone number” means—(a)a Singapore telephone number to which the following apply:(i)the Singapore telephone number which has been allocated to a subscriber;(ii)the telecommunications service associated with the Singapore telephone number has been terminated by the subscriber or telecommunications service provider; and(iii)the Singapore telephone number has not been allocated to a different subscriber; or(b)any other telephone numbers and circumstances as may be prescribed.(4)For the purpose of subsection(1), where—(a)a Singapore telephone number has been allocated to a subscriber by a telecommunications service provider (referred to in this subsection as the first provider);(b)the telecommunications service associated with the Singapore telephone number has been terminated by the subscriber;(c)the subscriber contracts for a telecommunications service associated with the Singapore telephone number with another telecommunications service provider (referred to in this subsection as the subsequent provider);(d)the telecommunications service referred to in paragraph(c) has been terminated by the subscriber or the subsequent provider; and(e)the Singapore telephone number has not subsequently been allocated to any subscriber,it shall be the responsibility of the first provider to satisfy subsection(1).(5)Without prejudice to the obligations of the telecommunications service provider under subsections(1) to (4), the Commission shall pay the prescribed fees to the telecommunications service provider for each terminated Singapore telephone number reported to the Commission in accordance with this section."
"DO NOT CALL REGISTRY, Duty to check register","43.—(1)No person shall, on or after the prescribed date, send a specified message addressed to a Singapore telephone number unless the person had within the prescribed duration (which may include a duration before the prescribed date) before sending the specified message—(a)applied to the Commission under section40(2) to confirm whether that Singapore telephone number is listed in the relevant register; and(b)received confirmation from the Commission that that Singapore telephone number is not listed in the relevant register.(2)Any person who contravenes subsection(1) shall be guilty of an offence and shall be liable on conviction to a fine not exceeding $10,000.(3)In any proceedings for an offence under subsection(1), it shall be a defence for the person charged to prove that the subscriber or user of the telephone number—(a)gave clear and unambiguous consent to the sending of the specified message to that Singapore telephone number; and(b)the consent is evidenced in written or other form so as to be accessible for subsequent reference.(4)For the purpose of this section—(a)where there is only one register kept or maintained under section39, the relevant register shall refer to that one register; and(b)where there are 2 or more registers kept or maintained under section39 for different types of specified messages, the relevant register shall refer to the register relevant for the particular type of specified message."
"DO NOT CALL REGISTRY, Contact information","44.—(1)No person shall, on or after the prescribed date, send a specified message addressed to a Singapore telephone number unless—(a)the specified message includes clear and accurate information identifying the individual or organisation who sent or authorised the sending of the specified message;(b)the specified message includes clear and accurate information about how the recipient can readily contact that individual or organisation;(c)the specified message includes such information and complies with such conditions as is or are specified in the regulations, if any; and(d)the information included in the specified message in compliance with this subsection is reasonably likely to be valid for at least 30 days after the message is sent.(2)Any person who contravenes subsection(1) shall be guilty of an offence and shall be liable on conviction to a fine not exceeding $10,000."
"DO NOT CALL REGISTRY, Calling line identity not to be concealed","45.—(1)A person who, on or after the prescribed date, makes a voice call containing a specified message or causes a voice call containing a specified message to be made or authorises the making of a voice call containing a specified message, addressed to a Singapore telephone number from a telephone number or facsimile number, shall not do any of the following:(a)conceal or withhold from the recipient the calling line identity of the sender;(b)perform any operation or issue any instruction in connection with the sending of the specified message for the purpose of, or that has the effect of, concealing or withholding from the recipient the calling line identity of the sender.(2)Any person who contravenes subsection(1) shall be guilty of an offence and shall be liable on conviction to a fine not exceeding $10,000."
"DO NOT CALL REGISTRY, Consent","46.—(1)A person shall not, as a condition for supplying goods, services, land, interest or opportunity, require a subscriber or user of a Singapore telephone number to give consent for the sending of a specified message to that Singapore telephone number or any other Singapore telephone number beyond what is reasonable to provide the goods, services, land, interest or opportunity to that subscriber or user, and any consent given in such circumstance is not validly given.(2)If a person obtains or attempts to obtain consent for sending a specified message to a Singapore telephone number—(a)by providing false or misleading information with respect to the sending of the specified message; or(b)by using deceptive or misleading practices,any consent given in such circumstances is not validly given."
"DO NOT CALL REGISTRY, Withdrawal of consent","47.—(1)On giving notice, a subscriber or user of a Singapore telephone number may at any time withdraw any consent given to a person for the sending of any specified message to that Singapore telephone number.(2)A person shall not prohibit a subscriber or user of a Singapore telephone number from withdrawing his consent to the sending of a specified message to that Singapore telephone number, but this section shall not affect any legal consequences arising from such withdrawal.(3)If a subscriber or user of a Singapore telephone number gives notice withdrawing consent given to a person for the sending of any specified message to that Singapore telephone number, the person shall cease (and cause its agent to cease) sending any specified message to that Singapore telephone number after the expiry of the prescribed period.(4)For the purposes of this Part, a subscriber or user of a Singapore telephone number shall be deemed to have given his consent to a person to send a specified message to that Singapore telephone number if the subscriber or user—(a)consents to the sending of the specified message before the date of commencement of this Part; and(b)that consent has not been withdrawn on or after the date of commencement of this Part.(5)For the purposes of this Part, where a subscriber or user of a Singapore telephone number—(a)consents to a person sending a specified message to that Singapore telephone number before, on or after the date of commencement of this Part; and(b)subsequently applies to add or adds that Singapore telephone number to the register on or after the date of commencement of this Part,the application to add or the addition of that Singapore telephone number shall not be regarded as a withdrawal of the consent.(6)For the avoidance of doubt, a subscriber of a Singapore telephone number may, at any time on or after the date of commencement of this Part, withdraw any consent given for the sending of a specified message to that Singapore telephone number."
"DO NOT CALL REGISTRY, Defence for employee","48.—(1)In any proceedings for an offence under this Part brought against any employee in respect of an act or conduct alleged to have been done or engaged in, as the case may be, by the employee, it is a defence for the employee to prove that he did the act or engaged in the conduct in good faith—(a)in the course of his employment; or(b)in accordance with instructions given to him by or on behalf of his employer in the course of his employment.(2)Subsection(1) does not apply to an employee who, at the time the act was done or the conduct was engaged in, was an officer and it is proved—(a)the act was done or the conduct was engaged in with the consent or connivance of that officer; or(b)the act done or the conduct engaged in was attributable to any neglect on the part of that officer.(3)In subsection(2), “officer” has the same meaning as in section52(5)."
"GENERAL, Advisory guidelines","49.—(1)The Commission may, from time to time, issue written advisory guidelines indicating the manner in which the Commission will interpret the provisions of this Act.(2)Guidelines issued under this section may, from time to time, be varied, amended or revoked by the Commission.(3)The Commission shall publish the guidelines in any way the Commission thinks fit, but failure to comply with this subsection in respect of any guidelines shall not invalidate the guidelines."
"GENERAL, Powers of investigation","50.—(1)The Commission may, upon complaint or of its own motion, conduct an investigation under this section to determine whether an organisation is not complying with this Act.(2)The powers of investigation under this section of the Commission and the inspectors shall be as set out in the Ninth Schedule.(3)The Commission may suspend, discontinue or refuse to conduct an investigation under this section if it thinks fit, including but not limited to any of the following circumstances:(a)the complainant has not complied with a direction under section27(2);(b)the parties involved in the matter have mutually agreed to settle the matter;(c)any party involved in the matter has commenced legal proceedings against another party in respect of any contravention or alleged contravention of this Act by the other party;(d)the Commission is of the opinion that the matter may be more appropriately investigated by another regulatory authority and has referred the matter to that authority; or(e)the Commission is of the opinion that—(i)a complaint is frivolous or vexatious or is not made in good faith; or(ii)any other circumstances warrant refusing to conduct, suspending or discontinuing the investigation.(4)An organisation shall retain records relating to an investigation under this section for one year after the conclusion of the investigation or any longer period specified in writing by the Commission."
"GENERAL, Offences and penalties","51.—(1)A person shall be guilty of an offence if he makes a request under section21 or 22, as the case may be, to obtain access to or to change the personal data about another individual without the authority of that individual.(2)Any person guilty of an offence under subsection(1) shall be liable on conviction to a fine not exceeding $5,000 or to imprisonment for a term not exceeding 12months or to both.(3)An organisation or person commits an offence if the organisation or person—(a)with an intent to evade a request under section21 or 22, disposes of, alters, falsifies, conceals or destroys, or directs another person to dispose of, alter, falsify, conceal or destroy, a record containing—(i)personal data; or(ii)information about the collection, use or disclosure of personal data;(b)obstructs or hinders the Commission, an inspector or an authorised officer in the performance of any function or duty, or the exercise of any power, under this Act; or[Act 22 of 2016 wef 01/10/2016](c)makes a statement, or furnishes any information or document, to the Commission, an inspector or an authorised officer under this Act, which the organisation or person knows, or ought reasonably to know, to be false or misleading in any material particular.[Act 22 of 2016 wef 01/10/2016](4)An organisation or person that commits an offence under subsection(3)(a) is liable—(a)in the case of an individual, to a fine not exceeding $5,000; and(b)in any other case, to a fine not exceeding $50,000.(5)An organisation or person that commits an offence under subsection(3)(b) or (c) is liable—(a)in the case of an individual, to a fine not exceeding $10,000 or to imprisonment for a term not exceeding 12months or to both; and(b)in any other case, to a fine not exceeding $100,000."
"GENERAL, Offences by bodies corporate, etc.","52.—(1)Where an offence under this Act committed by a body corporate is proved—(a)to have been committed with the consent or connivance of an officer; or(b)to be attributable to any neglect on his part,the officer as well as the body corporate shall be guilty of the offence and shall be liable to be proceeded against and punished accordingly.(2)Where the affairs of a body corporate are managed by its members, subsection(1) shall apply in relation to the acts and defaults of a member in connection with his functions of management as if he were a director of the body corporate.(3)Where an offence under this Act committed by a partnership is proved—(a)to have been committed with the consent or connivance of a partner; or(b)to be attributable to any neglect on his part,the partner as well as the partnership shall be guilty of the offence and shall be liable to be proceeded against and punished accordingly.(4)Where an offence under this Act committed by an unincorporated association (other than a partnership) is proved—(a)to have been committed with the consent or connivance of an officer of the unincorporated association or a member of its governing body; or(b)to be attributable to any neglect on the part of such an officer or member,the officer or member as well as the unincorporated association shall be guilty of the offence and shall be liable to be proceeded against and punished accordingly.(5)In this section—“body corporate” includes a limited liability partnership;“officer” —(a)in relation to a body corporate, means any director, partner, member of the committee of management, chief executive, manager, secretary or other similar officer of the body corporate and includes any person purporting to act in any such capacity; or(b)in relation to an unincorporated association (other than a partnership), means the president, the secretary, or any member of the committee of the unincorporated association, or any person holding a position analogous to that of president, secretary or member of such a committee and includes any person purporting to act in any such capacity;“partner” includes a person purporting to act as a partner.(6)Regulations may be made to provide for the application of any provision of this section, with such modifications as the Minister considers appropriate, to any body corporate or unincorporated association formed or recognised under the law of a territory outside Singapore."
"GENERAL, Liability of employers for acts of employees","53.—(1)Any act done or conduct engaged in by a person in the course of his employment (referred to in this section as the employee) shall be treated for the purposes of this Act as done or engaged in by his employer as well as by him, whether or not it was done or engaged in with the employer’s knowledge or approval.(2)In any proceedings for an offence under this Act brought against any person in respect of an act or conduct alleged to have been done or engaged in, as the case may be, by an employee of that person, it is a defence for that person to prove that he took such steps as were practicable to prevent the employee from doing the act or engaging in the conduct, or from doing or engaging in, in the course of his employment, acts or conduct, as the case may be, of that description."
"GENERAL, Jurisdiction of court","54.Notwithstanding any provision to the contrary in the Criminal Procedure Code (Cap.68), a District Court shall have jurisdiction to try any offence under this Act and shall have power to impose the full penalty or punishment in respect of the offence."
"GENERAL, Composition of offences","55.—(1)The Commission may, in its discretion, compound any offence under this Act (except PartIX) which is prescribed as a compoundable offence by collecting from a person reasonably suspected of having committed the offence a sum not exceeding the lower of the following sums:(a)one half of the amount of the maximum fine that is prescribed for the offence;(b)a sum of $5,000.(2)The Commission may, in its discretion, compound any offence under PartIX which is prescribed as a compoundable offence by collecting from a person reasonably suspected of having committed the offence a sum not exceeding $1,000.(3)On payment of such sum of money, no further proceedings shall be taken against that person in respect of the offence.(4)The Commission may, with the approval of the Minister, make regulations prescribing the offences which may be compounded.[Act 22 of 2016 wef 01/10/2016]"
"GENERAL, General penalties","56.Any person guilty of an offence under this Act for which no penalty is expressly provided shall be liable on conviction to a fine not exceeding $10,000 or to imprisonment for a term not exceeding 3years or to both and, in the case of a continuing offence, to a further fine not exceeding $1,000 for every day or part thereof during which the offence continues after conviction."
"GENERAL, Public servants and public officers","57.—(1)All individuals appointed under section 8(1) —(a)are deemed to be public servants for the purposes of the Penal Code (Cap. 224); and(b)are, in relation to their administration, assessment, collection or enforcement of payment of composition sums under this Act, deemed to be public officers for the purposes of the Financial Procedure Act (Cap. 109); and section 20 of that Act applies to these individuals even though they are not or were not in the employment of the Government.(2)All members of the Appeal Panel, and all members of an advisory committee, are deemed to be public servants for the purposes of the Penal Code.[Act 22 of 2016 wef 01/10/2016]"
"GENERAL, Evidence in proceedings","58.—(1)The Commission, the Appeal Panel, an Appeal Committee, their members and anyone acting for or under the direction of the Commission shall not give or be compelled to give evidence in a court or in any other proceedings in respect of any information obtained in performing their duties or exercising their powers or functions under this Act, except—(a)in a prosecution for perjury or for the furnishing of false information;(b)in a prosecution for an offence under this Act; or(c)in an application for judicial review or an appeal from a decision with respect to such an application.(2)Subsection(1) applies also in respect of evidence of the existence of proceedings conducted before the Commission."
"GENERAL, Preservation of secrecy","59.—(1)Subject to subsection(5), every specified person shall preserve, and aid in the preservation of, secrecy with regard to—(a)any personal data an organisation would be required or authorised to refuse to disclose if it were contained in personal data requested under section21;(b)whether information exists, if an organisation in refusing to provide access under section21 does not indicate whether the information exists;(c)all matters that have been identified as confidential under subsection(3); and(d)all matters relating to the identity of persons furnishing information to the Commission,that may come to his knowledge in the performance of his functions and discharge of his duties under this Act and shall not communicate any such matter to any person, except in so far as such communication—(i)is necessary for the performance of any such function or discharge of any such duty; or(ii)is lawfully required by any court, or lawfully required or permitted under this Act or any other written law.(2)Any person who fails to comply with subsection(1) shall be guilty of an offence.(3)Any person, when furnishing any information to the Commission, may identify information that he claims to be confidential information.(4)Every claim made under subsection(3) shall be supported by a written statement giving reasons why the information is confidential.(5)Notwithstanding subsection(1), the Commission may disclose, or authorise any specified person to disclose, any information relating to any matter referred to in subsection(1) in any of the following circumstances:(a)where the consent of the person to whom the information relates has been obtained;(b)if the Commission considers there is evidence of an offence, disclose information relating to the commission of an offence to the Public Prosecutor, any police officer and other law enforcement authorities;(c)to give effect to any provision of this Act;(d)for the purposes of a prosecution, an application or an appeal referred to in section58(1)(a), (b) or (c);(e)to comply with any provision of a co-operation agreement entered into under section10, where the conditions specified in subsection(6) are satisfied; or(f)to a public body in such circumstances as may be prescribed by the Minister.(6)The conditions referred to in subsection(5)(e) are—(a)that the information or documents requested by the foreign country are in the possession of the Commission;(b)that unless the Government otherwise allows, the foreign country undertakes to keep the information given confidential at all times; and(c)that the disclosure of the information is not likely to be contrary to the public interest.(7)In this section, “specified person” means a person who is or has been—(a)a member or an officer of a relevant body;(aa)a person authorised or appointed by a relevant body to perform the relevant body’s functions or duties, or exercise the relevant body’s powers, under this Act or any other written law;[Act 22 of 2016 wef 01/10/2016](b)a member of a committee of a relevant body or any person authorised, appointed or employed to assist the relevant body; or(c)an inspector or a person authorised, appointed or employed to assist an inspector."
"GENERAL, Protection from personal liability","60.No liability shall be incurred by—(a)any member or officer of a relevant body;(b)any person authorised, appointed or employed to assist a relevant body;(c)any person who is on secondment or attachment to a relevant body;(d)any person authorised or appointed by a relevant body to exercise the relevant body’s powers, perform the relevant body’s functions or discharge the relevant body’s duties or to assist the relevant body in the exercise of its powers, the performance of its functions or the discharge of its duties under this Act or any other written law; or(e)any inspector or any person authorised, appointed or employed to assist him in connection with any function or duty of the inspector under this Act,as a result of anything done (including any statement made) or omitted to be done with reasonable care and in good faith in the course of or in connection with—(i)the exercise or purported exercise of any power under this Act or any other written law;(ii)the performance or purported performance of any function or the discharge or purported discharge of any duty under this Act or any other written law; or(iii)the compliance or purported compliance with this Act or any other written law."
"GENERAL, Symbol of Commission","61.—(1)The Commission shall have the exclusive right to the use of such symbol or representation as may be prescribed in connection with its activities or affairs.(2)Any person who, without the authority of the Commission, uses a symbol or representation identical with that of the Commission, or which so resembles the symbol or representation of the Commission as to deceive or cause confusion, or to be likely to deceive or to cause confusion, shall be guilty of an offence and shall be liable on conviction to a fine not exceeding $2,000 or to imprisonment for a term not exceeding 6months or to both."
"GENERAL, Power to exempt","62.The Commission may, with the approval of the Minister, by order published in the Gazette, exempt any person or organisation or any class of persons or organisations from all or any of the provisions of this Act, subject to such terms or conditions as may be specified in the order."
"GENERAL, Certificate as to national interest","63.For the purposes of this Act, if any doubt arises as to whether anything is necessary for the purpose of, or could be contrary to, the national interest, a certificate signed by the Minister charged with responsibility for that matter shall be conclusive evidence of the matters stated therein."
"GENERAL, Amendment of Schedules","64.—(1)The Minister may, by order published in the Gazette, amend any of the Schedules, except the Ninth Schedule.(2)An order under this section shall be presented to Parliament as soon as possible after publication in the Gazette."
"GENERAL, Power to make regulations","65.—(1)The Commission may, with the approval of the Minister, make such regulations as may be necessary or expedient for carrying out the purposes and provisions of this Act and for prescribing anything that may be required or authorised to be prescribed by this Act.[Act 22 of 2016 wef 01/10/2016](2)Without prejudice to the generality of subsection(1), the Commission may, with the approval of the Minister, make regulations for or with respect to all or any of the following matters:(a)[Deleted by Act 22 of 2016 wef 01/10/2016](b)the form, manner and procedures, relating to the making and responding to requests under section21 or 22, including the content of responses to such requests, the period for such responses, the circumstances in which an organisation may refuse to provide a response or refuse to confirm or deny the existence of any matter and the fees that an organisation may charge in respect of such requests;(c)the classes of persons who may act under this Act for minors, deceased persons or any other individuals who lack capacity to act under this Act and regulating the manner in which, and the extent to which, any rights or powers of individuals under this Act may be exercised on their behalf;(d)the form, manner and procedures relating to applications and complaints under this Act;(e)the conduct of reviews by the Commission under section28;(f)the form, manner and procedures for applications for reconsideration by the Commission under section31, including the fees to be paid in respect of such applications;(g)the form, manner and procedures for appeals to an Appeal Committee, including the fees to be paid in respect of such appeals;(h)the award of costs of or incidental to any proceedings before the Commission or Appeal Committee, and the award of expenses, including any allowances payable to persons in connection with their attendance before the Commission or Appeal Committee;(i)the criteria for determining whether a Singapore telephone number is eligible to be listed in a register;(j)the manner in which entries in the register are to be made, corrected or removed;(k)the manner and form of giving or withdrawing consent for the sending of a specified message;(l)any other matter relating to the establishment, operation or administration of the register;(m)the fees to be paid in respect of applications, and services provided by or on behalf of the Commission, under this Act, including applications to confirm whether a Singapore telephone number is listed in the relevant register for the purposes of section43(1)(a).[Act 22 of 2016 wef 01/10/2016](3)Regulations made under this section may provide differently for different organisations, individuals, classes of organisations or classes of individuals."
"GENERAL, Rules of Court","66.Rules of Court may be made to provide for the practice and procedure relating to actions under section32 and appeals under section35, including the requirement that the plaintiff notify the Commission upon commencing any such action or appeal, and for matters related thereto."
"GENERAL, Saving and transitional provisions","67.—(1)Every act done by or on behalf of the Former Commission before the appointed date remains valid and have effect as though it has been done by or on behalf of the Commission, until such time as the Commission invalidates, revokes, cancels or otherwise determines that act.(2)Where any thing has been started by or on behalf of the Former Commission before the appointed date, the Commission may carry on and complete that thing on or after that date.(3)Any approval, authorisation, decision, direction, exemption, guideline or notice (or other document) given or made by the Former Commission under this Act before the appointed date remains valid and is deemed to have been given or made by the Commission under this Act, to the extent that it is not inconsistent with this Act as amended by the Info‑communications Media Development Authority Act2016.(4)Any application that is made to the Former Commission under this Act and is pending on the appointed date is deemed to be an application made to the Commission under this Act, to the extent that it is not inconsistent with this Act as amended by the Info‑communications Media Development Authority Act2016.(5)Any appeal made before the appointed date under PartVIII in respect of any direction or decision of the Former Commission is deemed to be an appeal in respect of the direction or decision of the Commission.(6)Any authorisation made by, or any certificate or other document signed by, the Chairman of the Former Commission under this Act before the appointed date remains valid and is deemed to have been made or signed by the Chief Executive of the Authority under this Act.(7)For a period of 2 years after the date of commencement of any provision of section96 of the Info‑communications Media Development Authority Act2016, the Minister may, by regulations, prescribe such additional provisions of a saving or transitional nature consequent on the enactment of that provision, as the Minister may consider necessary or expedient.(8)This section does not affect the operation of section16 of the Interpretation Act (Cap.1).(9)In this section—“appointed date” means the date of commencement of section96(i) of the Info‑communications Media Development Authority Act2016;“Former Commission” means the Personal Data Protection Commission established by section5(1) as in force immediately before the appointed date.[Act 22 of 2016 wef 01/10/2016]"
"GENERAL, Dissolution","68.—(1)The Former Commission is dissolved.(2)In this section, “Former Commission” has the same meaning as in section 67(9).[Act 22 of 2016 wef 02/10/2016]"
